{"loss": [2.319600820541382, 1.9225324392318726, 1.7986277341842651, 1.732930302619934, 1.6875593662261963, 1.650514006614685, 1.625585913658142, 1.5993061065673828, 1.5787190198898315, 1.5570967197418213, 1.5459089279174805, 1.528502106666565, 1.5155885219573975, 1.5066977739334106, 1.4934102296829224, 1.4859375953674316, 1.471229910850525, 1.4649226665496826, 1.4527068138122559, 1.444423794746399, 1.44147789478302, 1.4299194812774658, 1.4286643266677856, 1.4164553880691528, 1.4102357625961304, 1.4050822257995605, 1.3958739042282104, 1.3399412631988525, 1.3259994983673096, 1.3201147317886353], "accuracy": [0.9534197449684143, 0.9552433490753174, 0.9557815790176392, 0.9560648798942566, 0.9563310742378235, 0.9566036462783813, 0.9569491147994995, 0.9571978449821472, 0.9573504328727722, 0.9577093720436096, 0.9579565525054932, 0.9581393599510193, 0.9584013819694519, 0.958629846572876, 0.9587188363075256, 0.9588526487350464, 0.9590677618980408, 0.9592425227165222, 0.9594064354896545, 0.9595500826835632, 0.9596717953681946, 0.9596881866455078, 0.9597827792167664, 0.9599742889404297, 0.9600784778594971, 0.9601437449455261, 0.9603080153465271, 0.9611797332763672, 0.9614707827568054, 0.9615047574043274], "Recall": [0.006183423101902008, 0.010762962512671947, 0.030093567445874214, 0.04554906114935875, 0.05693890154361725, 0.06718934327363968, 0.07719110697507858, 0.08583474159240723, 0.0935102179646492, 0.10306844860315323, 0.11141709238290787, 0.11703711748123169, 0.12479978054761887, 0.12942466139793396, 0.1333857923746109, 0.1393682211637497, 0.14453531801700592, 0.15031614899635315, 0.15298151969909668, 0.15824972093105316, 0.1604417860507965, 0.16306516528129578, 0.16458256542682648, 0.16946294903755188, 0.17432841658592224, 0.17449833452701569, 0.1797999143600464, 0.19748230278491974, 0.2030521035194397, 0.20370838046073914], "Precision": [0.11911206692457199, 0.5326842665672302, 0.6436298489570618, 0.6381889581680298, 0.6441971659660339, 0.6541723608970642, 0.6714739799499512, 0.6764119863510132, 0.6733455061912537, 0.6883093118667603, 0.6923345327377319, 0.6962554454803467, 0.7018015384674072, 0.7122758626937866, 0.7095231413841248, 0.7076199054718018, 0.7138099074363708, 0.7154895663261414, 0.7223991751670837, 0.7221082448959351, 0.7266131639480591, 0.7228450775146484, 0.726584792137146, 0.730112612247467, 0.728254497051239, 0.7318482398986816, 0.7329590916633606, 0.7562681436538696, 0.7635806798934937, 0.7653578519821167], "AUC": [0.658621609210968, 0.7466042041778564, 0.7814137935638428, 0.7993050813674927, 0.8110998272895813, 0.8208924531936646, 0.8276063799858093, 0.8333255052566528, 0.8385378122329712, 0.8435677289962769, 0.8468759655952454, 0.8515496253967285, 0.8542091250419617, 0.8563389182090759, 0.8590604662895203, 0.8607624769210815, 0.8634639382362366, 0.8653371334075928, 0.8680816292762756, 0.8697260618209839, 0.8696491718292236, 0.8726502656936646, 0.872105062007904, 0.8747730851173401, 0.8767438530921936, 0.8775139451026917, 0.8784339427947998, 0.8911629319190979, 0.8930186629295349, 0.8935420513153076], "val_loss": [0.15851792693138123, 0.1578984260559082, 0.15326783061027527, 0.1592881977558136, 0.15325424075126648, 0.1476232260465622, 0.15491747856140137, 0.15052524209022522, 0.14893107116222382, 0.15295979380607605, 0.13913854956626892, 0.1418410688638687, 0.1321224868297577, 0.14229170978069305, 0.1384800672531128, 0.1302655041217804, 0.13772077858448029, 0.13009025156497955, 0.1333209127187729, 0.12912552058696747, 0.12959431111812592, 0.12870344519615173, 0.12767741084098816, 0.12767596542835236, 0.12825742363929749, 0.1291639655828476, 0.13143181800842285, 0.12217932939529419, 0.11959876120090485, 0.11870245635509491], "val_accuracy": [0.9552226662635803, 0.9553133845329285, 0.955245316028595, 0.9552224278450012, 0.9560958743095398, 0.9570142030715942, 0.9577626585960388, 0.95742267370224, 0.9586244225502014, 0.9577512145042419, 0.9591348171234131, 0.9586016535758972, 0.9589192271232605, 0.9590213298797607, 0.9590327143669128, 0.9595427513122559, 0.9583409428596497, 0.9596107006072998, 0.959644615650177, 0.9599963426589966, 0.9598149061203003, 0.9597581028938293, 0.9598717093467712, 0.9594180583953857, 0.9596109986305237, 0.9586131572723389, 0.9593161940574646, 0.9608922600746155, 0.9612210988998413, 0.9611641764640808], "val_Recall": [0.005812484305351973, 0.012888552621006966, 0.020975487306714058, 0.03209502249956131, 0.06141015887260437, 0.10917361825704575, 0.13621430099010468, 0.14253222942352295, 0.14607025682926178, 0.16123326122760773, 0.17361637949943542, 0.17108921706676483, 0.1650240123271942, 0.15693707764148712, 0.1731109470129013, 0.19989891350269318, 0.2120293229818344, 0.1799342930316925, 0.21354562044143677, 0.19812989234924316, 0.19155927002429962, 0.21935810148715973, 0.22845590114593506, 0.24033358693122864, 0.19155927002429962, 0.25802376866340637, 0.17664897441864014, 0.18195602297782898, 0.19257013499736786, 0.1910538375377655], "val_Precision": [0.6052631735801697, 0.5930232405662537, 0.5320512652397156, 0.5162602066993713, 0.6059850454330444, 0.6189112067222595, 0.6371158361434937, 0.6090712547302246, 0.6816037893295288, 0.6105263233184814, 0.6728697419166565, 0.6459923982620239, 0.6718106865882874, 0.6907675862312317, 0.6676413416862488, 0.6630343794822693, 0.6014336943626404, 0.6919339299201965, 0.6540247797966003, 0.6883230805397034, 0.6872166991233826, 0.6536144614219666, 0.6503596901893616, 0.624015748500824, 0.6761820316314697, 0.5884726047515869, 0.6793003082275391, 0.7725321650505066, 0.7720364928245544, 0.771428644657135], "val_AUC": [0.731948971748352, 0.7638800144195557, 0.791846513748169, 0.7985147833824158, 0.805794894695282, 0.8199479579925537, 0.8204464912414551, 0.8263226747512817, 0.8331811428070068, 0.8309879899024963, 0.8440098762512207, 0.8456254601478577, 0.8519622087478638, 0.8509096503257751, 0.858458936214447, 0.8589686751365662, 0.8583109974861145, 0.862819254398346, 0.8661499619483948, 0.8687772154808044, 0.8711534738540649, 0.8747692704200745, 0.870242178440094, 0.876185953617096, 0.8738085031509399, 0.8728232979774475, 0.8711676001548767, 0.8852090239524841, 0.8884129524230957, 0.8884035348892212], "lr": [